date,score_mean_10,sentiment_twitter_10,close,Year,Month,Week,Day,Dayofweek,Dayofyear,Is_month_end,Is_month_start,Is_quarter_end,Is_quarter_start,Is_year_end,Is_year_start
2018/11/28,-0.00625,-0.0251955,69.197998,2018,11,48,28,2,332,FALSE,FALSE,FALSE,FALSE,FALSE,FALSE
2018/11/29,-0.07529,0.01618275,69.400002,2018,11,48,29,3,333,FALSE,FALSE,FALSE,FALSE,FALSE,FALSE
2018/11/30,0,0.0246209,68.365997,2018,11,48,30,4,334,TRUE,FALSE,FALSE,FALSE,FALSE,FALSE
2018/12/3,-0.02683,0.053500675,72,2018,12,49,3,0,337,FALSE,FALSE,FALSE,FALSE,FALSE,FALSE
2018/12/4,0,0.07113734,71.209999,2018,12,49,4,1,338,FALSE,FALSE,FALSE,FALSE,FALSE,FALSE
2018/12/6,-0.08476,0.098870529,71.202003,2018,12,49,6,3,340,FALSE,FALSE,FALSE,FALSE,FALSE,FALSE
2018/12/7,0,0.090347075,73.800003,2018,12,49,7,4,341,FALSE,FALSE,FALSE,FALSE,FALSE,FALSE
2018/12/10,-0.13415,0.084926356,72,2018,12,50,10,0,344,FALSE,FALSE,FALSE,FALSE,FALSE,FALSE
2018/12/11,-0.20845,0.08853772,73.982002,2018,12,50,11,1,345,FALSE,FALSE,FALSE,FALSE,FALSE,FALSE
2018/12/12,-0.18113,0.10784557,73.884003,2018,12,50,12,2,346,FALSE,FALSE,FALSE,FALSE,FALSE,FALSE
2018/12/13,-0.14265,0.11351377,74.029999,2018,12,50,13,3,347,FALSE,FALSE,FALSE,FALSE,FALSE,FALSE
2018/12/14,-0.17337,0.11474502,75,2018,12,50,14,4,348,FALSE,FALSE,FALSE,FALSE,FALSE,FALSE
2018/12/17,-0.26315,0.09904618,72.400002,2018,12,51,17,0,351,FALSE,FALSE,FALSE,FALSE,FALSE,FALSE
2018/12/18,-0.26573,0.08704339,70.108002,2018,12,51,18,1,352,FALSE,FALSE,FALSE,FALSE,FALSE,FALSE
2018/12/19,-0.29973,0.05497479,67.519997,2018,12,51,19,2,353,FALSE,FALSE,FALSE,FALSE,FALSE,FALSE
2018/12/20,0,0.03002326,65.410004,2018,12,51,20,3,354,FALSE,FALSE,FALSE,FALSE,FALSE,FALSE
2018/12/21,0,0.0229038,63.48,2018,12,51,21,4,355,FALSE,FALSE,FALSE,FALSE,FALSE,FALSE
2018/12/24,0,-0.01075826,62.700001,2018,12,52,24,0,358,FALSE,FALSE,FALSE,FALSE,FALSE,FALSE
2018/12/26,-0.26407,0.00666934,60,2018,12,52,26,2,360,FALSE,FALSE,FALSE,FALSE,FALSE,FALSE
2018/12/27,-0.16362,-0.00512728,63.967999,2018,12,52,27,3,361,FALSE,FALSE,FALSE,FALSE,FALSE,FALSE
2018/12/28,-0.18929,0.00784212,64.620003,2018,12,52,28,4,362,FALSE,FALSE,FALSE,FALSE,FALSE,FALSE
2018/12/31,-0.16197,-0.001226,67.557999,2018,12,1,31,0,365,TRUE,FALSE,TRUE,FALSE,TRUE,FALSE
2019/1/2,-0.14666,-0.02494196,61.220001,2019,1,1,2,2,2,FALSE,FALSE,FALSE,FALSE,FALSE,FALSE
2019/1/3,-0.10262,-0.04076547,61.400002,2019,1,1,3,3,3,FALSE,FALSE,FALSE,FALSE,FALSE,FALSE
2019/1/4,0,-0.02548692,61.200001,2019,1,1,4,4,4,FALSE,FALSE,FALSE,FALSE,FALSE,FALSE
2019/1/7,-0.02435,-0.01205563,64.344002,2019,1,2,7,0,7,FALSE,FALSE,FALSE,FALSE,FALSE,FALSE
2019/1/8,-0.05847,-0.00700112,68.391998,2019,1,2,8,1,8,FALSE,FALSE,FALSE,FALSE,FALSE,FALSE
2019/1/9,0.01572,0.02674314,67.099998,2019,1,2,9,2,9,FALSE,FALSE,FALSE,FALSE,FALSE,FALSE
2019/1/10,-0.0149,0.0001765,66.879997,2019,1,2,10,3,10,FALSE,FALSE,FALSE,FALSE,FALSE,FALSE
2019/1/11,-0.06596,0.00969082,68.417999,2019,1,2,11,4,11,FALSE,FALSE,FALSE,FALSE,FALSE,FALSE
2019/1/14,0.03401,-0.015207931,68.475998,2019,1,3,14,0,14,FALSE,FALSE,FALSE,FALSE,FALSE,FALSE
2019/1/15,0.03401,-0.010320411,67,2019,1,3,15,1,15,FALSE,FALSE,FALSE,FALSE,FALSE,FALSE
2019/1/16,0,0.017000109,68.956001,2019,1,3,16,2,16,FALSE,FALSE,FALSE,FALSE,FALSE,FALSE
2019/1/17,0,0.033940289,69.241997,2019,1,3,17,3,17,FALSE,FALSE,FALSE,FALSE,FALSE,FALSE
2019/1/18,-0.0335,0.025620539,64.599998,2019,1,3,18,4,18,FALSE,FALSE,FALSE,FALSE,FALSE,FALSE
2019/1/22,-0.12946,0.012903429,60.964001,2019,1,4,22,1,22,FALSE,FALSE,FALSE,FALSE,FALSE,FALSE
2019/1/23,-0.08996,-0.008989911,58.5,2019,1,4,23,2,23,FALSE,FALSE,FALSE,FALSE,FALSE,FALSE
2019/1/24,-0.1009,-0.032420071,56.605999,2019,1,4,24,3,24,FALSE,FALSE,FALSE,FALSE,FALSE,FALSE
2019/1/25,-0.14109,-0.029927801,58.877998,2019,1,4,25,4,25,FALSE,FALSE,FALSE,FALSE,FALSE,FALSE
2019/1/28,-0.08315,-0.060501301,58.582001,2019,1,5,28,0,28,FALSE,FALSE,FALSE,FALSE,FALSE,FALSE
2019/1/29,-0.14801,-0.06468035,59.054001,2019,1,5,29,1,29,FALSE,FALSE,FALSE,FALSE,FALSE,FALSE
2019/1/30,-0.14801,-0.04035992,60.09,2019,1,5,30,2,30,FALSE,FALSE,FALSE,FALSE,FALSE,FALSE
2019/1/31,-0.07583,-0.03919008,60.200001,2019,1,5,31,3,31,TRUE,FALSE,FALSE,FALSE,FALSE,FALSE
2019/2/1,-0.03564,-0.03851196,61.084,2019,2,5,1,4,32,FALSE,TRUE,FALSE,FALSE,FALSE,FALSE
2019/2/4,0.04847,-0.00623696,62.596001,2019,2,6,4,0,35,FALSE,FALSE,FALSE,FALSE,FALSE,FALSE
2019/2/5,0.09981,0.02741379,62.498001,2019,2,6,5,1,36,FALSE,FALSE,FALSE,FALSE,FALSE,FALSE
2019/2/6,0.18506,0.05375834,63.917999,2019,2,6,6,2,37,FALSE,FALSE,FALSE,FALSE,FALSE,FALSE
2019/2/7,0.16975,0.06767074,62.66,2019,2,6,7,3,38,FALSE,FALSE,FALSE,FALSE,FALSE,FALSE
2019/2/8,0.06974,0.04889671,61.366001,2019,2,6,8,4,39,FALSE,FALSE,FALSE,FALSE,FALSE,FALSE
2019/2/11,0.1346,0.09819931,62.32,2019,2,7,11,0,42,FALSE,FALSE,FALSE,FALSE,FALSE,FALSE
2019/2/12,0.19698,0.09173051,63.240002,2019,2,7,12,1,43,FALSE,FALSE,FALSE,FALSE,FALSE,FALSE
2019/2/13,0.08832,0.06792556,62.470001,2019,2,7,13,2,44,FALSE,FALSE,FALSE,FALSE,FALSE,FALSE
2019/2/14,-0.00414,0.0379919,60.675999,2019,2,7,14,3,45,FALSE,FALSE,FALSE,FALSE,FALSE,FALSE
2019/2/15,0,0.0462786,60.900002,2019,2,7,15,4,46,FALSE,FALSE,FALSE,FALSE,FALSE,FALSE
2019/2/19,0.0494,0.0030361,61.312,2019,2,8,19,1,50,FALSE,FALSE,FALSE,FALSE,FALSE,FALSE
2019/2/20,-0.08131,-0.02417093,60.882,2019,2,8,20,2,51,FALSE,FALSE,FALSE,FALSE,FALSE,FALSE
2019/2/21,-0.10619,-0.04974778,60.362,2019,2,8,21,3,52,FALSE,FALSE,FALSE,FALSE,FALSE,FALSE
2019/2/22,-0.0527,-0.03896543,58.897999,2019,2,8,22,4,53,FALSE,FALSE,FALSE,FALSE,FALSE,FALSE
2019/2/25,0.01047,-0.02357762,59.582001,2019,2,9,25,0,56,FALSE,FALSE,FALSE,FALSE,FALSE,FALSE
2019/2/26,-0.00484,-0.06645844,58.444,2019,2,9,26,1,57,FALSE,FALSE,FALSE,FALSE,FALSE,FALSE
2019/2/27,-0.06722,-0.03245774,60.355999,2019,2,9,27,2,58,FALSE,FALSE,FALSE,FALSE,FALSE,FALSE
2019/2/28,-0.03074,-0.02020429,63.784,2019,2,9,28,3,59,TRUE,FALSE,FALSE,FALSE,FALSE,FALSE
2019/3/1,0.06172,3.68E-05,61.388,2019,3,9,1,4,60,FALSE,TRUE,FALSE,FALSE,FALSE,FALSE
2019/3/4,-0.02207,-0.01879152,59.624001,2019,3,10,4,0,63,FALSE,FALSE,FALSE,FALSE,FALSE,FALSE
2019/3/5,-0.14572,-0.01016197,56.400002,2019,3,10,5,1,64,FALSE,FALSE,FALSE,FALSE,FALSE,FALSE
2019/3/6,0,-0.01207447,55.296001,2019,3,10,6,2,65,FALSE,FALSE,FALSE,FALSE,FALSE,FALSE
2019/3/7,-0.10585,0.00668381,55.768002,2019,3,10,7,3,66,FALSE,FALSE,FALSE,FALSE,FALSE,FALSE
2019/3/8,-0.05808,0.00475419,55.382,2019,3,10,8,4,67,FALSE,FALSE,FALSE,FALSE,FALSE,FALSE
2019/3/11,-0.05639,0.00859578,56.703999,2019,3,11,11,0,70,FALSE,FALSE,FALSE,FALSE,FALSE,FALSE
2019/3/12,0,0.004624,57.298,2019,3,11,12,1,71,FALSE,FALSE,FALSE,FALSE,FALSE,FALSE
2019/3/13,-0.04108,-0.0323652,56.779999,2019,3,11,13,2,72,FALSE,FALSE,FALSE,FALSE,FALSE,FALSE
2019/3/14,-0.16168,-0.04889505,58.490002,2019,3,11,14,3,73,FALSE,FALSE,FALSE,FALSE,FALSE,FALSE
2019/3/15,-0.16168,-0.05096706,56.702,2019,3,11,15,4,74,FALSE,FALSE,FALSE,FALSE,FALSE,FALSE
2019/3/18,-0.11062,-0.05443941,55.200001,2019,3,12,18,0,77,FALSE,FALSE,FALSE,FALSE,FALSE,FALSE
2019/3/19,-0.06295,-0.04684043,53.5,2019,3,12,19,1,78,FALSE,FALSE,FALSE,FALSE,FALSE,FALSE
2019/3/20,0,-0.043366514,53.938,2019,3,12,20,2,79,FALSE,FALSE,FALSE,FALSE,FALSE,FALSE
2019/3/21,0.01109,-0.044881094,54.52,2019,3,12,21,3,80,FALSE,FALSE,FALSE,FALSE,FALSE,FALSE
2019/3/22,0,-0.054553284,54.515999,2019,3,12,22,4,81,FALSE,FALSE,FALSE,FALSE,FALSE,FALSE
2019/3/25,0.02389,-0.069705014,51.942001,2019,3,13,25,0,84,FALSE,FALSE,FALSE,FALSE,FALSE,FALSE
2019/3/26,-0.03919,-0.047387074,52.888,2019,3,13,26,1,85,FALSE,FALSE,FALSE,FALSE,FALSE,FALSE
2019/3/27,-0.03919,-0.036331224,53.75,2019,3,13,27,2,86,FALSE,FALSE,FALSE,FALSE,FALSE,FALSE
2019/3/28,-0.04067,-0.030095134,55.431999,2019,3,13,28,3,87,FALSE,FALSE,FALSE,FALSE,FALSE,FALSE
2019/3/29,0,-0.027156574,55.740002,2019,3,13,29,4,88,FALSE,FALSE,FALSE,FALSE,FALSE,FALSE
2019/4/1,0.01927,-0.023831514,56.523998,2019,4,14,1,0,91,FALSE,TRUE,FALSE,TRUE,FALSE,FALSE
2019/4/2,0.13987,-0.012655054,57.66,2019,4,14,2,1,92,FALSE,FALSE,FALSE,FALSE,FALSE,FALSE
2019/4/3,0,-0.012642887,57.464001,2019,4,14,3,2,93,FALSE,FALSE,FALSE,FALSE,FALSE,FALSE
2019/4/4,-0.04914,-0.028059387,52.377998,2019,4,14,4,3,94,FALSE,FALSE,FALSE,FALSE,FALSE,FALSE
2019/4/5,-0.1252,-0.015259837,53.972,2019,4,14,5,4,95,FALSE,FALSE,FALSE,FALSE,FALSE,FALSE
2019/4/8,-0.15702,-0.030105907,55.537998,2019,4,15,8,0,98,FALSE,FALSE,FALSE,FALSE,FALSE,FALSE
2019/4/9,-0.1297,-0.047897257,54.330002,2019,4,15,9,1,99,FALSE,FALSE,FALSE,FALSE,FALSE,FALSE
2019/4/10,-0.05786,-0.042717157,55.348,2019,4,15,10,2,100,FALSE,FALSE,FALSE,FALSE,FALSE,FALSE
2019/4/11,-0.13285,-0.059100497,53.66,2019,4,15,11,3,101,FALSE,FALSE,FALSE,FALSE,FALSE,FALSE
2019/4/12,-0.09231,-0.058240837,54.043999,2019,4,15,12,4,102,FALSE,FALSE,FALSE,FALSE,FALSE,FALSE
2019/4/15,-0.34435,-0.045801337,53.726002,2019,4,16,15,0,105,FALSE,FALSE,FALSE,FALSE,FALSE,FALSE
2019/4/16,-0.11361,-0.036890227,53.150002,2019,4,16,16,1,106,FALSE,FALSE,FALSE,FALSE,FALSE,FALSE
2019/4/17,-0.07775,-0.03136424,54.950001,2019,4,16,17,2,107,FALSE,FALSE,FALSE,FALSE,FALSE,FALSE
2019/4/18,-0.04969,-0.02481124,54.245998,2019,4,16,18,3,108,FALSE,FALSE,FALSE,FALSE,FALSE,FALSE
2019/4/22,-0.12408,-0.04467303,53.799999,2019,4,17,22,0,112,FALSE,FALSE,FALSE,FALSE,FALSE,FALSE
2019/4/23,-0.24359,-0.02660397,52.029999,2019,4,17,23,1,113,FALSE,FALSE,FALSE,FALSE,FALSE,FALSE
2019/4/24,-0.20042,-0.01409101,52.77,2019,4,17,24,2,114,FALSE,FALSE,FALSE,FALSE,FALSE,FALSE
2019/4/25,-0.24556,-0.03032246,51,2019,4,17,25,3,115,FALSE,FALSE,FALSE,FALSE,FALSE,FALSE
2019/4/26,-0.18307,-0.02907776,49.299999,2019,4,17,26,4,116,FALSE,FALSE,FALSE,FALSE,FALSE,FALSE
2019/4/29,-0.14378,-0.02615739,47.172001,2019,4,18,29,0,119,FALSE,FALSE,FALSE,FALSE,FALSE,FALSE
2019/4/30,-0.07831,-0.04805435,48.411999,2019,4,18,30,1,120,TRUE,FALSE,FALSE,FALSE,FALSE,FALSE
2019/5/1,-0.16048,-0.0761174,47.77,2019,5,18,1,2,121,FALSE,TRUE,FALSE,FALSE,FALSE,FALSE
2019/5/2,-0.19634,-0.07503543,49.104,2019,5,18,2,3,122,FALSE,FALSE,FALSE,FALSE,FALSE,FALSE
2019/5/3,-0.19258,-0.05682316,48.771999,2019,5,18,3,4,123,FALSE,FALSE,FALSE,FALSE,FALSE,FALSE
2019/5/6,-0.1723,-0.02683956,50.004002,2019,5,19,6,0,126,FALSE,FALSE,FALSE,FALSE,FALSE,FALSE
2019/5/7,-0.17008,-0.01502537,51.360001,2019,5,19,7,1,127,FALSE,FALSE,FALSE,FALSE,FALSE,FALSE
2019/5/8,0,-0.02586791,49.388,2019,5,19,8,2,128,FALSE,FALSE,FALSE,FALSE,FALSE,FALSE
2019/5/9,-0.13366,-0.00519835,48.400002,2019,5,19,9,3,129,FALSE,FALSE,FALSE,FALSE,FALSE,FALSE
2019/5/10,-0.08612,0.01614617,47.950001,2019,5,19,10,4,130,FALSE,FALSE,FALSE,FALSE,FALSE,FALSE
2019/5/13,-0.21032,0.00271177,46.402,2019,5,20,13,0,133,FALSE,FALSE,FALSE,FALSE,FALSE,FALSE
2019/5/14,-0.16988,0.01541819,45.860001,2019,5,20,14,1,134,FALSE,FALSE,FALSE,FALSE,FALSE,FALSE
2019/5/15,-0.15368,0.03075978,45.863998,2019,5,20,15,2,135,FALSE,FALSE,FALSE,FALSE,FALSE,FALSE
2019/5/16,0,0.025051108,45.897999,2019,5,20,16,3,136,FALSE,FALSE,FALSE,FALSE,FALSE,FALSE
2019/5/17,-0.20299,0.006153238,44.391998,2019,5,20,17,4,137,FALSE,FALSE,FALSE,FALSE,FALSE,FALSE
2019/5/20,-0.19387,-0.016003942,40.560001,2019,5,21,20,0,140,FALSE,FALSE,FALSE,FALSE,FALSE,FALSE
2019/5/21,-0.23311,-0.020135732,39.551998,2019,5,21,21,1,141,FALSE,FALSE,FALSE,FALSE,FALSE,FALSE
2019/5/22,-0.16974,-0.021386052,39.82,2019,5,21,22,2,142,FALSE,FALSE,FALSE,FALSE,FALSE,FALSE
2019/5/23,-0.16338,-0.019519292,38.868,2019,5,21,23,3,143,FALSE,FALSE,FALSE,FALSE,FALSE,FALSE
2019/5/24,-0.22372,-0.02968761,39.966,2019,5,21,24,4,144,FALSE,FALSE,FALSE,FALSE,FALSE,FALSE
2019/5/28,-0.10354,-0.022273,38.240002,2019,5,22,28,1,148,FALSE,FALSE,FALSE,FALSE,FALSE,FALSE
2019/5/29,-0.25396,-0.01950197,37.419998,2019,5,22,29,2,149,FALSE,FALSE,FALSE,FALSE,FALSE,FALSE
2019/5/30,-0.24516,-0.03771101,37.75,2019,5,22,30,3,150,FALSE,FALSE,FALSE,FALSE,FALSE,FALSE
2019/5/31,-0.22317,-0.048537548,37.02,2019,5,22,31,4,151,TRUE,FALSE,FALSE,FALSE,FALSE,FALSE
2019/6/3,-0.2145,-0.052168248,37.102001,2019,6,23,3,0,154,FALSE,FALSE,FALSE,FALSE,FALSE,FALSE
2019/6/4,-0.07348,-0.038861328,36.220001,2019,6,23,4,1,155,FALSE,FALSE,FALSE,FALSE,FALSE,FALSE
2019/6/5,-0.04866,-0.029952888,39.736,2019,6,23,5,2,156,FALSE,FALSE,FALSE,FALSE,FALSE,FALSE
2019/6/6,-0.07012,-0.004295378,40.888,2019,6,23,6,3,157,FALSE,FALSE,FALSE,FALSE,FALSE,FALSE
2019/6/7,0,-0.000725298,41,2019,6,23,7,4,158,FALSE,FALSE,FALSE,FALSE,FALSE,FALSE
2019/6/10,-0.05732,0.0181375,42.049999,2019,6,24,10,0,161,FALSE,FALSE,FALSE,FALSE,FALSE,FALSE
2019/6/11,-0.10671,0.04454229,43.827999,2019,6,24,11,1,162,FALSE,FALSE,FALSE,FALSE,FALSE,FALSE
2019/6/12,-0.06274,0.044551094,44.59,2019,6,24,12,2,163,FALSE,FALSE,FALSE,FALSE,FALSE,FALSE
2019/6/13,0,0.053094024,42.076,2019,6,24,13,3,164,FALSE,FALSE,FALSE,FALSE,FALSE,FALSE
2019/6/14,0.09831,0.060140694,42.25,2019,6,24,14,4,165,FALSE,FALSE,FALSE,FALSE,FALSE,FALSE
2019/6/17,0.09831,0.112362394,43.096001,2019,6,25,17,0,168,FALSE,FALSE,FALSE,FALSE,FALSE,FALSE
2019/6/18,0,0.116824154,45.743999,2019,6,25,18,1,169,FALSE,FALSE,FALSE,FALSE,FALSE,FALSE
2019/6/19,0.12563,0.106249454,45.021999,2019,6,25,19,2,170,FALSE,FALSE,FALSE,FALSE,FALSE,FALSE
2019/6/20,0.09504,0.079678454,44.599998,2019,6,25,20,3,171,FALSE,FALSE,FALSE,FALSE,FALSE,FALSE
2019/6/21,0.06772,0.079595554,43.243999,2019,6,25,21,4,172,FALSE,FALSE,FALSE,FALSE,FALSE,FALSE
2019/6/24,-0.05857,0.062146414,44.647999,2019,6,26,24,0,175,FALSE,FALSE,FALSE,FALSE,FALSE,FALSE
2019/6/25,0,0.048549744,44.877998,2019,6,26,25,1,176,FALSE,FALSE,FALSE,FALSE,FALSE,FALSE
2019/6/26,-0.09269,0.05400301,44.062,2019,6,26,26,2,177,FALSE,FALSE,FALSE,FALSE,FALSE,FALSE
2019/6/27,0.00776,0.06676246,43.889999,2019,6,26,27,3,178,FALSE,FALSE,FALSE,FALSE,FALSE,FALSE
2019/6/28,-0.03621,0.06670321,44.198002,2019,6,26,28,4,179,FALSE,FALSE,FALSE,FALSE,FALSE,FALSE
2019/7/1,-0.04684,0.030031263,46.042,2019,7,27,1,0,182,FALSE,TRUE,FALSE,TRUE,FALSE,FALSE
2019/7/2,0,0.027927463,45.778,2019,7,27,2,1,183,FALSE,FALSE,FALSE,FALSE,FALSE,FALSE
2019/7/3,-0.04684,0.038741963,47.877998,2019,7,27,3,2,184,FALSE,FALSE,FALSE,FALSE,FALSE,FALSE
2019/7/5,0.01565,0.057064123,46.914001,2019,7,27,5,4,186,FALSE,FALSE,FALSE,FALSE,FALSE,FALSE
2019/7/8,0.05584,0.064746623,46.248001,2019,7,28,8,0,189,FALSE,FALSE,FALSE,FALSE,FALSE,FALSE
2019/7/9,0.06864,0.079303963,45.793999,2019,7,28,9,1,190,FALSE,FALSE,FALSE,FALSE,FALSE,FALSE
2019/7/10,0.12866,0.090404733,46.830002,2019,7,28,10,2,191,FALSE,FALSE,FALSE,FALSE,FALSE,FALSE
2019/7/11,0.1602,0.114899813,47.627998,2019,7,28,11,3,192,FALSE,FALSE,FALSE,FALSE,FALSE,FALSE
2019/7/12,0,0.111471353,47.950001,2019,7,28,12,4,193,FALSE,FALSE,FALSE,FALSE,FALSE,FALSE
2019/7/15,0.0663,0.138731533,49.599998,2019,7,29,15,0,196,FALSE,FALSE,FALSE,FALSE,FALSE,FALSE
2019/7/16,0.07542,0.16335548,49.860001,2019,7,29,16,1,197,FALSE,FALSE,FALSE,FALSE,FALSE,FALSE
2019/7/17,0,0.17831278,51.133999,2019,7,29,17,2,198,FALSE,FALSE,FALSE,FALSE,FALSE,FALSE
2019/7/18,0.06262,0.166590368,51.009998,2019,7,29,18,3,199,FALSE,FALSE,FALSE,FALSE,FALSE,FALSE
2019/7/19,0,0.159767398,51.138,2019,7,29,19,4,200,FALSE,FALSE,FALSE,FALSE,FALSE,FALSE
2019/7/22,0.06262,0.131374768,51.75,2019,7,30,22,0,203,FALSE,FALSE,FALSE,FALSE,FALSE,FALSE
2019/7/23,0,0.111437458,51.341999,2019,7,30,23,1,204,FALSE,FALSE,FALSE,FALSE,FALSE,FALSE
2019/7/24,0.00013,0.133782858,51.834,2019,7,30,24,2,205,FALSE,FALSE,FALSE,FALSE,FALSE,FALSE
2019/7/25,0.02303,0.101284068,46.700001,2019,7,30,25,3,206,FALSE,FALSE,FALSE,FALSE,FALSE,FALSE
2019/7/26,-0.01716,0.094373528,45.383999,2019,7,30,26,4,207,FALSE,FALSE,FALSE,FALSE,FALSE,FALSE
2019/7/29,-0.05735,0.070707825,45.417999,2019,7,31,29,0,210,FALSE,FALSE,FALSE,FALSE,FALSE,FALSE
2019/7/30,-0.13493,0.062881825,46.580002,2019,7,31,30,1,211,FALSE,FALSE,FALSE,FALSE,FALSE,FALSE
2019/7/31,-0.25091,0.046670055,48.599998,2019,7,31,31,2,212,TRUE,FALSE,FALSE,FALSE,FALSE,FALSE
2019/8/1,-0.20807,0.035120867,48.529999,2019,8,31,1,3,213,FALSE,TRUE,FALSE,FALSE,FALSE,FALSE
2019/8/2,0,0.011794177,46.27,2019,8,31,2,4,214,FALSE,FALSE,FALSE,FALSE,FALSE,FALSE
2019/8/5,-0.36567,0.020617707,45.919998,2019,8,32,5,0,217,FALSE,FALSE,FALSE,FALSE,FALSE,FALSE
2019/8/6,0,0.005797817,46.375999,2019,8,32,6,1,218,FALSE,FALSE,FALSE,FALSE,FALSE,FALSE
2019/8/7,-0.35287,-0.034966473,45.299999,2019,8,32,7,2,219,FALSE,FALSE,FALSE,FALSE,FALSE,FALSE
2019/8/8,-0.42195,-0.028295233,46.889999,2019,8,32,8,3,220,FALSE,FALSE,FALSE,FALSE,FALSE,FALSE
2019/8/9,-0.38377,-0.001325413,47.209999,2019,8,32,9,4,221,FALSE,FALSE,FALSE,FALSE,FALSE,FALSE
2019/8/12,-0.29468,-0.02961141,46.598,2019,8,33,12,0,224,FALSE,FALSE,FALSE,FALSE,FALSE,FALSE
2019/8/13,-0.10991,-0.05390816,45.762001,2019,8,33,13,1,225,FALSE,FALSE,FALSE,FALSE,FALSE,FALSE
2019/8/14,0,-0.10139719,46.242001,2019,8,33,14,2,226,FALSE,FALSE,FALSE,FALSE,FALSE,FALSE
2019/8/15,0,-0.10990579,44.172001,2019,8,33,15,3,227,FALSE,FALSE,FALSE,FALSE,FALSE,FALSE
2019/8/16,0.06724,-0.11003739,43.332001,2019,8,33,16,4,228,FALSE,FALSE,FALSE,FALSE,FALSE,FALSE
2019/8/19,0.06724,-0.09727549,44.841999,2019,8,34,19,0,231,FALSE,FALSE,FALSE,FALSE,FALSE,FALSE
2019/8/20,0.21572,-0.08919139,45.523998,2019,8,34,20,1,232,FALSE,FALSE,FALSE,FALSE,FALSE,FALSE
2019/8/21,0,-0.09118777,44.402,2019,8,34,21,2,233,FALSE,FALSE,FALSE,FALSE,FALSE,FALSE
2019/8/22,0.21572,-0.08684695,44.560001,2019,8,34,22,3,234,FALSE,FALSE,FALSE,FALSE,FALSE,FALSE
2019/8/23,0.24868,-0.12702955,43.993999,2019,8,34,23,4,235,FALSE,FALSE,FALSE,FALSE,FALSE,FALSE
2019/8/26,0.09043,-0.09941984,42.720001,2019,8,35,26,0,238,FALSE,FALSE,FALSE,FALSE,FALSE,FALSE
2019/8/27,0.01776,-0.08813783,43.147999,2019,8,35,27,1,239,FALSE,FALSE,FALSE,FALSE,FALSE,FALSE
2019/8/28,0,-0.06554283,42.737999,2019,8,35,28,2,240,FALSE,FALSE,FALSE,FALSE,FALSE,FALSE
2019/8/29,0.01776,-0.06339243,43.799999,2019,8,35,29,3,241,FALSE,FALSE,FALSE,FALSE,FALSE,FALSE
2019/8/30,-0.11385,-0.03627412,45.830002,2019,8,35,30,4,242,FALSE,FALSE,FALSE,FALSE,FALSE,FALSE
2019/9/3,0,-0.05472708,44.816002,2019,9,36,3,1,246,FALSE,FALSE,FALSE,FALSE,FALSE,FALSE
2019/9/4,-0.16684,-0.06417608,45.377998,2019,9,36,4,2,247,FALSE,FALSE,FALSE,FALSE,FALSE,FALSE
2019/9/5,-0.13072,-0.06924005,44.5,2019,9,36,5,3,248,FALSE,FALSE,FALSE,FALSE,FALSE,FALSE
2019/9/6,0,-0.06275102,45.439999,2019,9,36,6,4,249,FALSE,FALSE,FALSE,FALSE,FALSE,FALSE
2019/9/9,0,-0.03851367,46,2019,9,37,9,0,252,FALSE,FALSE,FALSE,FALSE,FALSE,FALSE
2019/9/10,-0.08857,-0.037466543,46.16,2019,9,37,10,1,253,FALSE,FALSE,FALSE,FALSE,FALSE,FALSE
2019/9/11,-0.04987,-0.004027503,47.476002,2019,9,37,11,2,254,FALSE,FALSE,FALSE,FALSE,FALSE,FALSE
2019/9/12,-0.06304,0.004922207,49.540001,2019,9,37,12,3,255,FALSE,FALSE,FALSE,FALSE,FALSE,FALSE
2019/9/13,0.0028,0.043834907,49.391998,2019,9,37,13,4,256,FALSE,FALSE,FALSE,FALSE,FALSE,FALSE
2019/9/16,-0.07252,0.052640197,49.200001,2019,9,38,16,0,259,FALSE,FALSE,FALSE,FALSE,FALSE,FALSE
2019/9/17,-0.07252,0.084137757,48.493999,2019,9,38,17,1,260,FALSE,FALSE,FALSE,FALSE,FALSE,FALSE
2019/9/18,0,0.099491007,49,2019,9,38,18,2,261,FALSE,FALSE,FALSE,FALSE,FALSE,FALSE
2019/9/19,-0.06994,0.109877883,49.200001,2019,9,38,19,3,262,FALSE,FALSE,FALSE,FALSE,FALSE,FALSE
2019/9/20,-0.14993,0.082046783,49.298,2019,9,38,20,4,263,FALSE,FALSE,FALSE,FALSE,FALSE,FALSE
2019/9/23,-0.03535,0.076077253,48,2019,9,39,23,0,266,FALSE,FALSE,FALSE,FALSE,FALSE,FALSE
2019/9/24,0,0.061606216,48.304001,2019,9,39,24,1,267,FALSE,FALSE,FALSE,FALSE,FALSE,FALSE
2019/9/25,-0.0222,0.024678483,44.911999,2019,9,39,25,2,268,FALSE,FALSE,FALSE,FALSE,FALSE,FALSE
2019/9/26,-0.03253,0.048644573,46.132,2019,9,39,26,3,269,FALSE,FALSE,FALSE,FALSE,FALSE,FALSE
2019/9/27,0,0.051458673,48.439999,2019,9,39,27,4,270,FALSE,FALSE,FALSE,FALSE,FALSE,FALSE
2019/9/30,-0.11228,0.020737273,48.599998,2019,9,40,30,0,273,TRUE,FALSE,TRUE,FALSE,FALSE,FALSE
2019/10/1,0,-0.027354927,48.299999,2019,10,40,1,1,274,FALSE,TRUE,FALSE,TRUE,FALSE,FALSE
2019/10/2,-0.09911,-0.016494417,48.658001,2019,10,40,2,2,275,FALSE,FALSE,FALSE,FALSE,FALSE,FALSE
2019/10/3,-0.06573,-0.021272403,46.372002,2019,10,40,3,3,276,FALSE,FALSE,FALSE,FALSE,FALSE,FALSE
2019/10/4,0.07989,-0.018452903,46.321999,2019,10,40,4,4,277,FALSE,FALSE,FALSE,FALSE,FALSE,FALSE
2019/10/7,0.16792,-0.008554223,45.959999,2019,10,41,7,0,280,FALSE,FALSE,FALSE,FALSE,FALSE,FALSE
2019/10/8,0,0.020158677,47.174,2019,10,41,8,1,281,FALSE,FALSE,FALSE,FALSE,FALSE,FALSE
2019/10/9,0,0.03087861,48.264,2019,10,41,9,2,282,FALSE,FALSE,FALSE,FALSE,FALSE,FALSE
2019/10/10,0,-0.00105129,49.056,2019,10,41,10,3,283,FALSE,FALSE,FALSE,FALSE,FALSE,FALSE
2019/10/11,0.16792,-0.01425007,49.43,2019,10,41,11,4,284,FALSE,FALSE,FALSE,FALSE,FALSE,FALSE
2019/10/14,0.2129,0.01243593,49.580002,2019,10,42,14,0,287,FALSE,FALSE,FALSE,FALSE,FALSE,FALSE
2019/10/15,0.1905,0.05292053,51.540001,2019,10,42,15,1,288,FALSE,FALSE,FALSE,FALSE,FALSE,FALSE
2019/10/16,0,0.05265792,51.478001,2019,10,42,16,2,289,FALSE,FALSE,FALSE,FALSE,FALSE,FALSE
2019/10/17,0.10711,0.07492887,52.5,2019,10,42,17,3,290,FALSE,FALSE,FALSE,FALSE,FALSE,FALSE
2019/10/18,0.10261,0.0768584,52.139999,2019,10,42,18,4,291,FALSE,FALSE,FALSE,FALSE,FALSE,FALSE
2019/10/21,0.18494,0.0520997,51.666,2019,10,43,21,0,294,FALSE,FALSE,FALSE,FALSE,FALSE,FALSE
2019/10/22,0.18494,0.0140195,50.863998,2019,10,43,22,1,295,FALSE,FALSE,FALSE,FALSE,FALSE,FALSE
2019/10/23,0.23303,0.003944363,50.900002,2019,10,43,23,2,296,FALSE,FALSE,FALSE,FALSE,FALSE,FALSE
2019/10/24,0.21343,0.035218363,59.674,2019,10,43,24,3,297,FALSE,FALSE,FALSE,FALSE,FALSE,FALSE
2019/10/25,0.15272,0.037977043,59.543999,2019,10,43,25,4,298,FALSE,FALSE,FALSE,FALSE,FALSE,FALSE
2019/10/28,0.11249,0.028936293,65.508003,2019,10,44,28,0,301,FALSE,FALSE,FALSE,FALSE,FALSE,FALSE
2019/10/29,0.07294,0.003586163,63.998001,2019,10,44,29,1,302,FALSE,FALSE,FALSE,FALSE,FALSE,FALSE
2019/10/30,0.05515,-0.014759587,62.599998,2019,10,44,30,2,303,FALSE,FALSE,FALSE,FALSE,FALSE,FALSE
2019/10/31,0.03821,-0.020128087,62.619999,2019,10,44,31,3,304,TRUE,FALSE,FALSE,FALSE,FALSE,FALSE
2019/11/1,-0.00191,-0.010011567,63.264,2019,11,44,1,4,305,FALSE,TRUE,FALSE,FALSE,FALSE,FALSE
2019/11/4,-0.1269,0.027130233,62.959999,2019,11,45,4,0,308,FALSE,FALSE,FALSE,FALSE,FALSE,FALSE
2019/11/5,0,0.075604133,63.924,2019,11,45,5,1,309,FALSE,FALSE,FALSE,FALSE,FALSE,FALSE
2019/11/6,-0.0642,0.09839927,63.599998,2019,11,45,6,2,310,FALSE,FALSE,FALSE,FALSE,FALSE,FALSE
2019/11/7,-0.15818,0.09776577,65.828003,2019,11,45,7,3,311,FALSE,FALSE,FALSE,FALSE,FALSE,FALSE
2019/11/8,0,0.09141994,66.900002,2019,11,45,8,4,312,FALSE,FALSE,FALSE,FALSE,FALSE,FALSE
2019/11/11,-0.04476,0.12212649,68.790001,2019,11,46,11,0,315,FALSE,FALSE,FALSE,FALSE,FALSE,FALSE
2019/11/12,-0.07208,0.14614432,69.379997,2019,11,46,12,1,316,FALSE,FALSE,FALSE,FALSE,FALSE,FALSE
2019/11/13,0,0.17170422,71,2019,11,46,13,2,317,FALSE,FALSE,FALSE,FALSE,FALSE,FALSE
2019/11/14,-0.03443,0.16112247,69.222,2019,11,46,14,3,318,FALSE,FALSE,FALSE,FALSE,FALSE,FALSE
2019/11/15,0,0.16786107,70.127998,2019,11,46,15,4,319,FALSE,FALSE,FALSE,FALSE,FALSE,FALSE
2019/11/18,-0.05266,0.16005607,70.584,2019,11,47,18,0,322,FALSE,FALSE,FALSE,FALSE,FALSE,FALSE
2019/11/19,-0.05266,0.14348728,70.349998,2019,11,47,19,1,323,FALSE,FALSE,FALSE,FALSE,FALSE,FALSE
2019/11/20,0.05964,0.12193093,72,2019,11,47,20,2,324,FALSE,FALSE,FALSE,FALSE,FALSE,FALSE
2019/11/21,0,0.14105823,70.902,2019,11,47,21,3,325,FALSE,FALSE,FALSE,FALSE,FALSE,FALSE
2019/11/22,-0.00025,0.12602131,68.031998,2019,11,47,22,4,326,FALSE,FALSE,FALSE,FALSE,FALSE,FALSE
2019/11/25,0.11958,0.10049219,68.863998,2019,11,48,25,0,329,FALSE,FALSE,FALSE,FALSE,FALSE,FALSE
2019/11/26,0,0.07894987,67.054001,2019,11,48,26,1,330,FALSE,FALSE,FALSE,FALSE,FALSE,FALSE
2019/11/27,0,0.09187877,66.223999,2019,11,48,27,2,331,FALSE,FALSE,FALSE,FALSE,FALSE,FALSE
2019/11/29,0,0.11187012,66.222,2019,11,48,29,4,333,FALSE,FALSE,FALSE,FALSE,FALSE,FALSE
2019/12/2,-0.15626,0.10503665,65.879997,2019,12,49,2,0,336,FALSE,FALSE,FALSE,FALSE,FALSE,FALSE
2019/12/3,-0.09514,0.10320575,66.524002,2019,12,49,3,1,337,FALSE,FALSE,FALSE,FALSE,FALSE,FALSE
2019/12/4,-0.09256,0.10105792,67.550003,2019,12,49,4,2,338,FALSE,FALSE,FALSE,FALSE,FALSE,FALSE
2019/12/5,0,0.06923837,66.566002,2019,12,49,5,3,339,FALSE,FALSE,FALSE,FALSE,FALSE,FALSE
2019/12/6,-0.09999,0.05996147,67,2019,12,49,6,4,340,FALSE,FALSE,FALSE,FALSE,FALSE,FALSE
2019/12/9,-0.08358,0.07745565,67.318001,2019,12,50,9,0,343,FALSE,FALSE,FALSE,FALSE,FALSE,FALSE
2019/12/10,0,0.08318247,67.991997,2019,12,50,10,1,344,FALSE,FALSE,FALSE,FALSE,FALSE,FALSE
2019/12/11,-0.23166,0.09174039,70.375999,2019,12,50,11,2,345,FALSE,FALSE,FALSE,FALSE,FALSE,FALSE
2019/12/12,0,0.08692549,70.984001,2019,12,50,12,3,346,FALSE,FALSE,FALSE,FALSE,FALSE,FALSE
2019/12/13,-0.11493,0.07856079,72.209999,2019,12,50,13,4,347,FALSE,FALSE,FALSE,FALSE,FALSE,FALSE
2019/12/16,-0.13993,0.09592661,72.510002,2019,12,51,16,0,350,FALSE,FALSE,FALSE,FALSE,FALSE,FALSE
2019/12/17,-0.0557,0.08302649,75.797997,2019,12,51,17,1,351,FALSE,FALSE,FALSE,FALSE,FALSE,FALSE
2019/12/18,-0.01752,0.11048461,76.125999,2019,12,51,18,2,352,FALSE,FALSE,FALSE,FALSE,FALSE,FALSE
2019/12/19,0.06389,0.15818931,79.463997,2019,12,51,19,3,353,FALSE,FALSE,FALSE,FALSE,FALSE,FALSE
2019/12/20,0.00277,0.14421181,82.057999,2019,12,51,20,4,354,FALSE,FALSE,FALSE,FALSE,FALSE,FALSE
2019/12/23,-0.0976,0.14723418,82.356003,2019,12,52,23,0,357,FALSE,FALSE,FALSE,FALSE,FALSE,FALSE
2019/12/24,-0.11401,0.14916378,83.671997,2019,12,52,24,1,358,FALSE,FALSE,FALSE,FALSE,FALSE,FALSE
2019/12/26,-0.02717,0.16740428,85.582001,2019,12,52,26,3,360,FALSE,FALSE,FALSE,FALSE,FALSE,FALSE
2019/12/27,-0.02015,0.15361921,87,2019,12,52,27,4,361,FALSE,FALSE,FALSE,FALSE,FALSE,FALSE
2019/12/30,0.00485,0.14723611,85.758003,2019,12,1,30,0,364,FALSE,FALSE,FALSE,FALSE,FALSE,FALSE
2019/12/31,0,0.14765091,81,2019,12,1,31,1,365,TRUE,FALSE,TRUE,FALSE,TRUE,FALSE
2020/1/2,-0.03919,0.17349153,84.900002,2020,1,1,2,3,2,FALSE,FALSE,FALSE,FALSE,FALSE,FALSE
2020/1/3,-0.03919,0.16248403,88.099998,2020,1,1,3,4,3,FALSE,FALSE,FALSE,FALSE,FALSE,FALSE
2020/1/6,-0.00249,0.15152737,88.094002,2020,1,2,6,0,6,FALSE,FALSE,FALSE,FALSE,FALSE,FALSE
2020/1/7,-0.04067,0.15276827,92.279999,2020,1,2,7,1,7,FALSE,FALSE,FALSE,FALSE,FALSE,FALSE
2020/1/8,0,0.15312587,94.739998,2020,1,2,8,2,8,FALSE,FALSE,FALSE,FALSE,FALSE,FALSE
2020/1/9,0.01927,0.14509575,99.419998,2020,1,2,9,3,9,FALSE,FALSE,FALSE,FALSE,FALSE,FALSE
2020/1/10,0.13987,0.14143965,96.358002,2020,1,2,10,4,10,FALSE,FALSE,FALSE,FALSE,FALSE,FALSE
2020/1/13,0.0355,0.15807432,98.699997,2020,1,3,13,0,13,FALSE,FALSE,FALSE,FALSE,FALSE,FALSE
2020/1/14,-0.1252,0.16347802,108.851997,2020,1,3,14,1,14,FALSE,FALSE,FALSE,FALSE,FALSE,FALSE
2020/1/15,-0.15702,0.14993621,105.952003,2020,1,3,15,2,15,FALSE,FALSE,FALSE,FALSE,FALSE,FALSE
2020/1/16,-0.05786,0.11223202,98.75,2020,1,3,16,3,16,FALSE,FALSE,FALSE,FALSE,FALSE,FALSE
2020/1/17,-0.13285,0.09517209,101.522003,2020,1,3,17,4,17,FALSE,FALSE,FALSE,FALSE,FALSE,FALSE
2020/1/21,-0.12118,0.10422085,106.050003,2020,1,4,21,1,21,FALSE,FALSE,FALSE,FALSE,FALSE,FALSE
2020/1/22,-0.18112,0.10485645,114.377998,2020,1,4,22,2,22,FALSE,FALSE,FALSE,FALSE,FALSE,FALSE
2020/1/23,-0.26861,0.08733198,112.849998,2020,1,4,23,3,23,FALSE,FALSE,FALSE,FALSE,FALSE,FALSE
2020/1/24,-0.28586,0.08374756,114.125999,2020,1,4,24,4,24,FALSE,FALSE,FALSE,FALSE,FALSE,FALSE
2020/1/27,-0.07775,0.08937266,108.398003,2020,1,5,27,0,27,FALSE,FALSE,FALSE,FALSE,FALSE,FALSE
2020/1/28,-0.08005,0.07575926,113.697998,2020,1,5,28,1,28,FALSE,FALSE,FALSE,FALSE,FALSE,FALSE
2020/1/29,-0.14885,0.07255244,115.138,2020,1,5,29,2,29,FALSE,FALSE,FALSE,FALSE,FALSE,FALSE
2020/1/30,-0.05607,0.08383445,126.484001,2020,1,5,30,3,30,FALSE,FALSE,FALSE,FALSE,FALSE,FALSE
2020/1/31,-0.12093,0.10455484,128,2020,1,5,31,4,31,TRUE,FALSE,FALSE,FALSE,FALSE,FALSE
2020/2/3,-0.20914,0.11429987,134.738007,2020,2,6,3,0,34,FALSE,FALSE,FALSE,FALSE,FALSE,FALSE
2020/2/4,-0.15347,0.10698109,176.591995,2020,2,6,4,1,35,FALSE,FALSE,FALSE,FALSE,FALSE,FALSE
2020/2/5,-0.10733,0.093138992,164.651993,2020,2,6,5,2,36,FALSE,FALSE,FALSE,FALSE,FALSE,FALSE
2020/2/6,-0.12406,0.105977822,139.983994,2020,2,6,6,3,37,FALSE,FALSE,FALSE,FALSE,FALSE,FALSE
2020/2/7,-0.15023,0.120433262,146.110001,2020,2,6,7,4,38,FALSE,FALSE,FALSE,FALSE,FALSE,FALSE
2020/2/10,-0.18537,0.119149662,160,2020,2,7,10,0,41,FALSE,FALSE,FALSE,FALSE,FALSE,FALSE
2020/2/11,-0.14551,0.133882962,153.757996,2020,2,7,11,1,42,FALSE,FALSE,FALSE,FALSE,FALSE,FALSE
2020/2/12,0,0.132725852,155.574005,2020,2,7,12,2,43,FALSE,FALSE,FALSE,FALSE,FALSE,FALSE
2020/2/13,-0.19974,0.131744652,148.367996,2020,2,7,13,3,44,FALSE,FALSE,FALSE,FALSE,FALSE,FALSE
2020/2/14,0,0.137411952,157.444,2020,2,7,14,4,45,FALSE,FALSE,FALSE,FALSE,FALSE,FALSE
2020/2/18,-0.1723,0.150328152,168.320007,2020,2,8,18,1,49,FALSE,FALSE,FALSE,FALSE,FALSE,FALSE
2020/2/19,-0.14048,0.174343432,184.699997,2020,2,8,19,2,50,FALSE,FALSE,FALSE,FALSE,FALSE,FALSE
2020/2/20,-0.11088,0.19465123,182.389999,2020,2,8,20,3,51,FALSE,FALSE,FALSE,FALSE,FALSE,FALSE
2020/2/21,0,0.20436347,181.395996,2020,2,8,21,4,52,FALSE,FALSE,FALSE,FALSE,FALSE,FALSE
2020/2/24,-0.16548,0.18640838,167.800003,2020,2,9,24,0,55,FALSE,FALSE,FALSE,FALSE,FALSE,FALSE
2020/2/25,0,0.17120943,169.800003,2020,2,9,25,1,56,FALSE,FALSE,FALSE,FALSE,FALSE,FALSE
2020/2/26,0,0.13787927,156.5,2020,2,9,26,2,57,FALSE,FALSE,FALSE,FALSE,FALSE,FALSE
2020/2/27,-0.11835,0.1174134,146,2020,2,9,27,3,58,FALSE,FALSE,FALSE,FALSE,FALSE,FALSE
2020/2/28,-0.12773,0.10881276,125.940002,2020,2,9,28,4,59,FALSE,FALSE,FALSE,FALSE,FALSE,FALSE
2020/3/2,-0.12773,0.10563796,142.251999,2020,3,10,2,0,62,FALSE,FALSE,FALSE,FALSE,FALSE,FALSE
2020/3/3,0,0.11242226,161,2020,3,10,3,1,63,FALSE,FALSE,FALSE,FALSE,FALSE,FALSE
2020/3/4,0,0.09229996,152.792007,2020,3,10,4,2,64,FALSE,FALSE,FALSE,FALSE,FALSE,FALSE
2020/3/5,-0.16988,0.08741656,144.753998,2020,3,10,5,3,65,FALSE,FALSE,FALSE,FALSE,FALSE,FALSE
2020/3/6,0,0.070962556,138,2020,3,10,6,4,66,FALSE,FALSE,FALSE,FALSE,FALSE,FALSE
2020/3/9,-0.15368,0.071274247,121.078003,2020,3,11,9,0,69,FALSE,FALSE,FALSE,FALSE,FALSE,FALSE
2020/3/10,0,0.074009897,131.886002,2020,3,11,10,1,70,FALSE,FALSE,FALSE,FALSE,FALSE,FALSE
2020/3/11,-0.11476,0.093451557,128.039993,2020,3,11,11,2,71,FALSE,FALSE,FALSE,FALSE,FALSE,FALSE
2020/3/12,-0.12853,0.110622147,116.178001,2020,3,11,12,3,72,FALSE,FALSE,FALSE,FALSE,FALSE,FALSE
2020/3/13,-0.15353,0.101917157,119,2020,3,11,13,4,73,FALSE,FALSE,FALSE,FALSE,FALSE,FALSE
2020/3/16,-0.11941,0.085363347,93.900002,2020,3,12,16,0,76,FALSE,FALSE,FALSE,FALSE,FALSE,FALSE
2020/3/17,-0.16332,0.052341437,88.001999,2020,3,12,17,1,77,FALSE,FALSE,FALSE,FALSE,FALSE,FALSE
2020/3/18,0,0.035953867,77.800003,2020,3,12,18,2,78,FALSE,FALSE,FALSE,FALSE,FALSE,FALSE
2020/3/19,0,0.038440967,74.940002,2020,3,12,19,3,79,FALSE,FALSE,FALSE,FALSE,FALSE,FALSE
2020/3/20,-0.23533,0.060382371,87.639999,2020,3,12,20,4,80,FALSE,FALSE,FALSE,FALSE,FALSE,FALSE
2020/3/23,-0.1836,0.06929139,86.720001,2020,3,13,23,0,83,FALSE,FALSE,FALSE,FALSE,FALSE,FALSE
2020/3/24,0,0.08930139,95.459999,2020,3,13,24,1,84,FALSE,FALSE,FALSE,FALSE,FALSE,FALSE
2020/3/25,0,0.10620469,109.050003,2020,3,13,25,2,85,FALSE,FALSE,FALSE,FALSE,FALSE,FALSE
2020/3/26,-0.09074,0.1124391,109.477997,2020,3,13,26,3,86,FALSE,FALSE,FALSE,FALSE,FALSE,FALSE
2020/3/27,-0.08194,0.10866617,101,2020,3,13,27,4,87,FALSE,FALSE,FALSE,FALSE,FALSE,FALSE
2020/3/30,-0.07943,0.12582878,102.052002,2020,3,14,30,0,90,FALSE,FALSE,FALSE,FALSE,FALSE,FALSE
2020/3/31,0,0.123339519,100.25,2020,3,14,31,1,91,TRUE,FALSE,TRUE,FALSE,FALSE,FALSE
2020/4/1,0,0.133314449,100.800003,2020,4,14,1,2,92,FALSE,TRUE,FALSE,TRUE,FALSE,FALSE
2020/4/2,0,0.114511179,96.206001,2020,4,14,2,3,93,FALSE,FALSE,FALSE,FALSE,FALSE,FALSE
2020/4/3,-0.09966,0.092898379,101.900002,2020,4,14,3,4,94,FALSE,FALSE,FALSE,FALSE,FALSE,FALSE
2020/4/6,-0.11866,0.103790359,102.239998,2020,4,15,6,0,97,FALSE,FALSE,FALSE,FALSE,FALSE,FALSE
2020/4/7,-0.09127,0.100644059,109,2020,4,15,7,1,98,FALSE,FALSE,FALSE,FALSE,FALSE,FALSE
2020/4/8,-0.16263,0.082818459,110.839996,2020,4,15,8,2,99,FALSE,FALSE,FALSE,FALSE,FALSE,FALSE
2020/4/9,-0.17275,0.097405759,112.417999,2020,4,15,9,3,100,FALSE,FALSE,FALSE,FALSE,FALSE,FALSE
2020/4/13,0,0.126959819,118.031998,2020,4,16,13,0,104,FALSE,FALSE,FALSE,FALSE,FALSE,FALSE
2020/4/14,0,0.137518919,139.794006,2020,4,16,14,1,105,FALSE,FALSE,FALSE,FALSE,FALSE,FALSE
2020/4/15,0,0.16180729,148.399994,2020,4,16,15,2,106,FALSE,FALSE,FALSE,FALSE,FALSE,FALSE
2020/4/16,0,0.17383543,143.388,2020,4,16,16,3,107,FALSE,FALSE,FALSE,FALSE,FALSE,FALSE
2020/4/17,0,0.2058155,154.455994,2020,4,16,17,4,108,FALSE,FALSE,FALSE,FALSE,FALSE,FALSE
2020/4/20,-0.17275,0.2278317,146.539993,2020,4,17,20,0,111,FALSE,FALSE,FALSE,FALSE,FALSE,FALSE
2020/4/21,0,0.21562819,146.024002,2020,4,17,21,1,112,FALSE,FALSE,FALSE,FALSE,FALSE,FALSE
2020/4/22,-0.13263,0.19904239,140.796005,2020,4,17,22,2,113,FALSE,FALSE,FALSE,FALSE,FALSE,FALSE
2020/4/23,-0.0784,0.20429189,145.520004,2020,4,17,23,3,114,FALSE,FALSE,FALSE,FALSE,FALSE,FALSE
2020/4/24,0.02423,0.19587179,142.162003,2020,4,17,24,4,115,FALSE,FALSE,FALSE,FALSE,FALSE,FALSE
2020/4/27,0.0803,0.21563019,147.522003,2020,4,18,27,0,118,FALSE,FALSE,FALSE,FALSE,FALSE,FALSE
2020/4/28,0.04371,0.21945069,159.128006,2020,4,18,28,1,119,FALSE,FALSE,FALSE,FALSE,FALSE,FALSE
2020/4/29,0.11691,0.21412389,158.033997,2020,4,18,29,2,120,FALSE,FALSE,FALSE,FALSE,FALSE,FALSE
2020/4/30,0.10784,0.21360099,171.037994,2020,4,18,30,3,121,TRUE,FALSE,FALSE,FALSE,FALSE,FALSE
2020/5/1,0.10784,0.17310737,151,2020,5,18,1,4,122,FALSE,TRUE,FALSE,FALSE,FALSE,FALSE
2020/5/4,0.09504,0.16756757,140.199997,2020,5,19,4,0,125,FALSE,FALSE,FALSE,FALSE,FALSE,FALSE
2020/5/5,0.06772,0.17582288,157.957993,2020,5,19,5,1,126,FALSE,FALSE,FALSE,FALSE,FALSE,FALSE
2020/5/6,0,0.17963698,155.300003,2020,5,19,6,2,127,FALSE,FALSE,FALSE,FALSE,FALSE,FALSE
2020/5/7,0.01674,0.18003188,155.442001,2020,5,19,7,3,128,FALSE,FALSE,FALSE,FALSE,FALSE,FALSE
2020/5/8,-0.08589,0.20222018,158.753998,2020,5,19,8,4,129,FALSE,FALSE,FALSE,FALSE,FALSE,FALSE
2020/5/11,-0.04163,0.16833718,158.102005,2020,5,20,11,0,132,FALSE,FALSE,FALSE,FALSE,FALSE,FALSE
2020/5/12,0.00776,0.15339638,165.399994,2020,5,20,12,1,133,FALSE,FALSE,FALSE,FALSE,FALSE,FALSE
2020/5/13,0.02437,0.13067333,164.166,2020,5,20,13,2,134,FALSE,FALSE,FALSE,FALSE,FALSE,FALSE
2020/5/14,0,0.11778461,156,2020,5,20,14,3,135,FALSE,FALSE,FALSE,FALSE,FALSE,FALSE
2020/5/15,0,0.14126773,158.070007,2020,5,20,15,4,136,FALSE,FALSE,FALSE,FALSE,FALSE,FALSE
2020/5/18,0.04304,0.15054133,165.556,2020,5,21,18,0,139,FALSE,FALSE,FALSE,FALSE,FALSE,FALSE
2020/5/19,0.05584,0.14399763,163.033997,2020,5,21,19,1,140,FALSE,FALSE,FALSE,FALSE,FALSE,FALSE
2020/5/20,0,0.15300753,164.100006,2020,5,21,20,2,141,FALSE,FALSE,FALSE,FALSE,FALSE,FALSE
2020/5/21,0.05584,0.16572133,163.199997,2020,5,21,21,3,142,FALSE,FALSE,FALSE,FALSE,FALSE,FALSE
2020/5/22,0,0.16413363,164.434006,2020,5,21,22,4,143,FALSE,FALSE,FALSE,FALSE,FALSE,FALSE
2020/5/26,0.08278,0.19931583,166.899994,2020,5,22,26,1,147,FALSE,FALSE,FALSE,FALSE,FALSE,FALSE
2020/5/27,0.12866,0.21062063,164.171997,2020,5,22,27,2,148,FALSE,FALSE,FALSE,FALSE,FALSE,FALSE
2020/5/28,0,0.23666818,162.701996,2020,5,22,28,3,149,FALSE,FALSE,FALSE,FALSE,FALSE,FALSE
2020/5/29,0.10597,0.2595257,161.75,2020,5,22,29,4,150,FALSE,FALSE,FALSE,FALSE,FALSE,FALSE
2020/6/1,0.0663,0.2855145,171.600006,2020,6,23,1,0,153,FALSE,TRUE,FALSE,FALSE,FALSE,FALSE
2020/6/2,0.0535,0.2987445,178.940002,2020,6,23,2,1,154,FALSE,FALSE,FALSE,FALSE,FALSE,FALSE
2020/6/3,0,0.3136028,177.623993,2020,6,23,3,2,155,FALSE,FALSE,FALSE,FALSE,FALSE,FALSE
2020/6/4,0.03316,0.308208,177.975998,2020,6,23,4,3,156,FALSE,FALSE,FALSE,FALSE,FALSE,FALSE
2020/6/5,0,0.3094635,175.567993,2020,6,23,5,4,157,FALSE,FALSE,FALSE,FALSE,FALSE,FALSE
2020/6/8,0.02573,0.3130101,183.800003,2020,6,24,8,0,160,FALSE,FALSE,FALSE,FALSE,FALSE,FALSE
2020/6/9,-0.02726,0.3071785,188.001999,2020,6,24,9,1,161,FALSE,FALSE,FALSE,FALSE,FALSE,FALSE
2020/6/10,-0.04257,0.3082298,198.376007,2020,6,24,10,2,162,FALSE,FALSE,FALSE,FALSE,FALSE,FALSE
2020/6/11,-0.01716,0.29235916,198.039993,2020,6,24,11,3,163,FALSE,FALSE,FALSE,FALSE,FALSE,FALSE
2020/6/12,0.00688,0.24982596,196,2020,6,24,12,4,164,FALSE,FALSE,FALSE,FALSE,FALSE,FALSE
2020/6/15,-0.07919,0.23456956,183.557999,2020,6,25,15,0,167,FALSE,FALSE,FALSE,FALSE,FALSE,FALSE
2020/6/16,0,0.22414096,202.369995,2020,6,25,16,1,168,FALSE,FALSE,FALSE,FALSE,FALSE,FALSE
2020/6/17,-0.07812,0.22379406,197.542007,2020,6,25,17,2,169,FALSE,FALSE,FALSE,FALSE,FALSE,FALSE
2020/6/18,0,0.23973036,200.600006,2020,6,25,18,3,170,FALSE,FALSE,FALSE,FALSE,FALSE,FALSE
2020/6/19,0,0.23281236,202.556,2020,6,25,19,4,171,FALSE,FALSE,FALSE,FALSE,FALSE,FALSE
2020/6/22,0,0.22578496,199.990005,2020,6,26,22,0,174,FALSE,FALSE,FALSE,FALSE,FALSE,FALSE
2020/6/23,0,0.21906176,199.776001,2020,6,26,23,1,175,FALSE,FALSE,FALSE,FALSE,FALSE,FALSE
2020/6/24,-0.15508,0.20283106,198.822006,2020,6,26,24,2,176,FALSE,FALSE,FALSE,FALSE,FALSE,FALSE
2020/6/25,-0.19527,0.2191083,190.854004,2020,6,26,25,3,177,FALSE,FALSE,FALSE,FALSE,FALSE,FALSE
2020/6/26,-0.26924,0.2620433,198.955994,2020,6,26,26,4,178,FALSE,FALSE,FALSE,FALSE,FALSE,FALSE
2020/6/29,-0.21719,0.2736194,193.802002,2020,6,27,29,0,181,FALSE,FALSE,FALSE,FALSE,FALSE,FALSE
2020/6/30,-0.20439,0.2850224,201.300003,2020,6,27,30,1,182,TRUE,FALSE,TRUE,FALSE,FALSE,FALSE
2020/7/1,0,0.2919191,216.600006,2020,7,27,1,2,183,FALSE,TRUE,FALSE,TRUE,FALSE,FALSE
2020/7/2,-0.33756,0.2805634,244.296005,2020,7,27,2,3,184,FALSE,FALSE,FALSE,FALSE,FALSE,FALSE
2020/7/6,-0.39387,0.270247,255.337997,2020,7,28,6,0,188,FALSE,FALSE,FALSE,FALSE,FALSE,FALSE
2020/7/7,0,0.2477801,281.002014,2020,7,28,7,1,189,FALSE,FALSE,FALSE,FALSE,FALSE,FALSE
2020/7/8,-0.29468,0.2272106,281,2020,7,28,8,2,190,FALSE,FALSE,FALSE,FALSE,FALSE,FALSE
2020/7/9,0,0.2344847,279.39801,2020,7,28,9,3,191,FALSE,FALSE,FALSE,FALSE,FALSE,FALSE
2020/7/10,-0.23894,0.2269901,279.200012,2020,7,28,10,4,192,FALSE,FALSE,FALSE,FALSE,FALSE,FALSE
2020/7/13,-0.04434,0.2155522,331.799988,2020,7,29,13,0,195,FALSE,FALSE,FALSE,FALSE,FALSE,FALSE
2020/7/14,0.06724,0.19067,311.200012,2020,7,29,14,1,196,FALSE,FALSE,FALSE,FALSE,FALSE,FALSE
2020/7/15,0.09906,0.1796558,308.600006,2020,7,29,15,2,197,FALSE,FALSE,FALSE,FALSE,FALSE,FALSE
2020/7/16,-0.01476,0.163433,295.432007,2020,7,29,16,3,198,FALSE,FALSE,FALSE,FALSE,FALSE,FALSE
2020/7/17,-0.10262,0.1649281,302.690002,2020,7,29,17,4,199,FALSE,FALSE,FALSE,FALSE,FALSE,FALSE
2020/7/20,0.11494,0.1952801,303.802002,2020,7,30,20,0,202,FALSE,FALSE,FALSE,FALSE,FALSE,FALSE
2020/7/21,0.12685,0.2105814,327.985992,2020,7,30,21,1,203,FALSE,FALSE,FALSE,FALSE,FALSE,FALSE
2020/7/22,0.07017,0.2197207,319.799988,2020,7,30,22,2,204,FALSE,FALSE,FALSE,FALSE,FALSE,FALSE
2020/7/23,0.02078,0.2213606,335.790009,2020,7,30,23,3,205,FALSE,FALSE,FALSE,FALSE,FALSE,FALSE
2020/7/24,-0.02998,0.2160431,283.201996,2020,7,30,24,4,206,FALSE,FALSE,FALSE,FALSE,FALSE,FALSE
2020/7/27,-0.11939,0.2338804,287,2020,7,31,27,0,209,FALSE,FALSE,FALSE,FALSE,FALSE,FALSE
2020/7/28,-0.07557,0.2454558,300.799988,2020,7,31,28,1,210,FALSE,FALSE,FALSE,FALSE,FALSE,FALSE
2020/7/29,0.01229,0.2387345,300.200012,2020,7,31,29,2,211,FALSE,FALSE,FALSE,FALSE,FALSE,FALSE
2020/7/30,0,0.259535,297.600006,2020,7,31,30,3,212,FALSE,FALSE,FALSE,FALSE,FALSE,FALSE
2020/7/31,0,0.2638694,303,2020,7,31,31,4,213,TRUE,FALSE,FALSE,FALSE,FALSE,FALSE
2020/8/3,-0.07252,0.2666754,289.839996,2020,8,32,3,0,216,FALSE,FALSE,FALSE,FALSE,FALSE,FALSE
2020/8/4,-0.12261,0.2715109,299.002014,2020,8,32,4,1,217,FALSE,FALSE,FALSE,FALSE,FALSE,FALSE
2020/8/5,-0.12493,0.288909,298.597992,2020,8,32,5,2,218,FALSE,FALSE,FALSE,FALSE,FALSE,FALSE
2020/8/6,0,0.3115086,298.165985,2020,8,32,6,3,219,FALSE,FALSE,FALSE,FALSE,FALSE,FALSE
2020/8/7,0,0.3270007,299.90799,2020,8,32,7,4,220,FALSE,FALSE,FALSE,FALSE,FALSE,FALSE
2020/8/10,-0.07554,0.3179786,289.600006,2020,8,33,10,0,223,FALSE,FALSE,FALSE,FALSE,FALSE,FALSE
2020/8/11,0,0.3245423,279.200012,2020,8,33,11,1,224,FALSE,FALSE,FALSE,FALSE,FALSE,FALSE
2020/8/12,0,0.3561591,294,2020,8,33,12,2,225,FALSE,FALSE,FALSE,FALSE,FALSE,FALSE
2020/8/13,-0.11362,0.365388,322.200012,2020,8,33,13,3,226,FALSE,FALSE,FALSE,FALSE,FALSE,FALSE
2020/8/14,0,0.3763806,332.997986,2020,8,33,14,4,227,FALSE,FALSE,FALSE,FALSE,FALSE,FALSE
2020/8/17,-0.05376,0.3768662,335.399994,2020,8,34,17,0,230,FALSE,FALSE,FALSE,FALSE,FALSE,FALSE
2020/8/18,-0.00171,0.3813253,379.798004,2020,8,34,18,1,231,FALSE,FALSE,FALSE,FALSE,FALSE,FALSE
2020/8/19,0,0.3709388,373,2020,8,34,19,2,232,FALSE,FALSE,FALSE,FALSE,FALSE,FALSE
2020/8/20,0,0.3628357,372.135986,2020,8,34,20,3,233,FALSE,FALSE,FALSE,FALSE,FALSE,FALSE
2020/8/21,0,0.3706321,408.951996,2020,8,34,21,4,234,FALSE,FALSE,FALSE,FALSE,FALSE,FALSE
2020/8/24,-0.0407,0.3731489,425.256012,2020,8,35,24,0,237,FALSE,FALSE,FALSE,FALSE,FALSE,FALSE
2020/8/25,0,0.3711519,394.977997,2020,8,35,25,1,238,FALSE,FALSE,FALSE,FALSE,FALSE,FALSE
2020/8/26,0.00857,0.3630746,412,2020,8,35,26,2,239,FALSE,FALSE,FALSE,FALSE,FALSE,FALSE
2020/8/27,0,0.3477412,436.09201,2020,8,35,27,3,240,FALSE,FALSE,FALSE,FALSE,FALSE,FALSE
2020/8/28,0,0.3439296,459.023987,2020,8,35,28,4,241,FALSE,FALSE,FALSE,FALSE,FALSE,FALSE
2020/8/31,0,0.3370867,444.609985,2020,8,36,31,0,244,TRUE,FALSE,FALSE,FALSE,FALSE,FALSE
2020/9/1,0,0.3314118,502.140015,2020,9,36,1,1,245,FALSE,TRUE,FALSE,FALSE,FALSE,FALSE
2020/9/2,0.16792,0.3148371,478.98999,2020,9,36,2,2,246,FALSE,FALSE,FALSE,FALSE,FALSE,FALSE
2020/9/3,0.16792,0.29033392,407.230011,2020,9,36,3,3,247,FALSE,FALSE,FALSE,FALSE,FALSE,FALSE
2020/9/4,0,0.27323792,402.809998,2020,9,36,4,4,248,FALSE,FALSE,FALSE,FALSE,FALSE,FALSE
2020/9/8,0.25108,0.26253912,356,2020,9,37,8,1,252,FALSE,FALSE,FALSE,FALSE,FALSE,FALSE
2020/9/9,0.2129,0.24932132,356.600006,2020,9,37,9,2,253,FALSE,FALSE,FALSE,FALSE,FALSE,FALSE
2020/9/10,0,0.22789182,386.209991,2020,9,37,10,3,254,FALSE,FALSE,FALSE,FALSE,FALSE,FALSE
2020/9/11,0.17271,0.22138402,381.940002,2020,9,37,11,4,255,FALSE,FALSE,FALSE,FALSE,FALSE,FALSE
2020/9/14,0,0.21945462,380.950012,2020,9,38,14,0,258,FALSE,FALSE,FALSE,FALSE,FALSE,FALSE
2020/9/15,0.10941,0.22131042,436.559998,2020,9,38,15,1,259,FALSE,FALSE,FALSE,FALSE,FALSE,FALSE
2020/9/16,0.15246,0.22118432,439.869995,2020,9,38,16,2,260,FALSE,FALSE,FALSE,FALSE,FALSE,FALSE
2020/9/17,0,0.23482022,415.600006,2020,9,38,17,3,261,FALSE,FALSE,FALSE,FALSE,FALSE,FALSE
2020/9/18,0,0.2678197,447.940002,2020,9,38,18,4,262,FALSE,FALSE,FALSE,FALSE,FALSE,FALSE
2020/9/21,0.10319,0.2746073,453.130005,2020,9,39,21,0,265,FALSE,FALSE,FALSE,FALSE,FALSE,FALSE
2020/9/22,0,0.2765976,429.600006,2020,9,39,22,1,266,FALSE,FALSE,FALSE,FALSE,FALSE,FALSE
2020/9/23,0.16663,0.2743515,405.160004,2020,9,39,23,2,267,FALSE,FALSE,FALSE,FALSE,FALSE,FALSE
2020/9/24,0.06113,0.2736451,363.799988,2020,9,39,24,3,268,FALSE,FALSE,FALSE,FALSE,FALSE,FALSE
2020/9/25,0.06113,0.2790672,393.470001,2020,9,39,25,4,269,FALSE,FALSE,FALSE,FALSE,FALSE,FALSE
2020/9/28,-0.02203,0.2853743,424.619995,2020,9,40,28,0,272,FALSE,FALSE,FALSE,FALSE,FALSE,FALSE
2020/9/29,0.07739,0.2882708,416,2020,9,40,29,1,273,FALSE,FALSE,FALSE,FALSE,FALSE,FALSE
2020/9/30,0.13863,0.3025048,421.320007,2020,9,40,30,2,274,TRUE,FALSE,TRUE,FALSE,FALSE,FALSE
2020/10/1,0.10774,0.3148132,440.76001,2020,10,40,1,3,275,FALSE,TRUE,FALSE,TRUE,FALSE,FALSE
2020/10/2,0.06263,0.3000998,421.390015,2020,10,40,2,4,276,FALSE,FALSE,FALSE,FALSE,FALSE,FALSE
2020/10/5,0.08384,0.3246824,423.350006,2020,10,41,5,0,279,FALSE,FALSE,FALSE,FALSE,FALSE,FALSE
2020/10/6,0.07868,0.3373595,423.790009,2020,10,41,6,1,280,FALSE,FALSE,FALSE,FALSE,FALSE,FALSE
2020/10/7,0.09155,0.3608269,419.869995,2020,10,41,7,2,281,FALSE,FALSE,FALSE,FALSE,FALSE,FALSE
2020/10/8,0.00573,0.3880164,438.440002,2020,10,41,8,3,282,FALSE,FALSE,FALSE,FALSE,FALSE,FALSE
2020/10/9,0,0.4014153,430.130005,2020,10,41,9,4,283,FALSE,FALSE,FALSE,FALSE,FALSE,FALSE
2020/10/12,0,0.4137756,442,2020,10,42,12,0,286,FALSE,FALSE,FALSE,FALSE,FALSE,FALSE
2020/10/13,-0.00707,0.412624,443.350006,2020,10,42,13,1,287,FALSE,FALSE,FALSE,FALSE,FALSE,FALSE
2020/10/14,0,0.418891,449.779999,2020,10,42,14,2,288,FALSE,FALSE,FALSE,FALSE,FALSE,FALSE
2020/10/15,-0.08286,0.4072133,450.309998,2020,10,42,15,3,289,FALSE,FALSE,FALSE,FALSE,FALSE,FALSE
2020/10/16,-0.18458,0.4062089,454.440002,2020,10,42,16,4,290,FALSE,FALSE,FALSE,FALSE,FALSE,FALSE
2020/10/19,-0.2185,0.3960482,446.23999,2020,10,43,19,0,293,FALSE,FALSE,FALSE,FALSE,FALSE,FALSE
2020/10/20,0,0.3896317,431.75,2020,10,43,20,1,294,FALSE,FALSE,FALSE,FALSE,FALSE,FALSE
2020/10/21,0,0.3759715,422.700012,2020,10,43,21,2,295,FALSE,FALSE,FALSE,FALSE,FALSE,FALSE
2020/10/22,-0.15035,0.3542456,441.920013,2020,10,43,22,3,296,FALSE,FALSE,FALSE,FALSE,FALSE,FALSE
2020/10/23,-0.04476,0.3367889,421.839996,2020,10,43,23,4,297,FALSE,FALSE,FALSE,FALSE,FALSE,FALSE
2020/10/26,-0.03443,0.3182061,411.630005,2020,10,44,26,0,300,FALSE,FALSE,FALSE,FALSE,FALSE,FALSE
2020/10/27,-0.04207,0.2993634,423.76001,2020,10,44,27,1,301,FALSE,FALSE,FALSE,FALSE,FALSE,FALSE
2020/10/28,0,0.247897654,416.480011,2020,10,44,28,2,302,FALSE,FALSE,FALSE,FALSE,FALSE,FALSE
2020/10/29,0,0.241107854,409.959991,2020,10,44,29,3,303,FALSE,FALSE,FALSE,FALSE,FALSE,FALSE
2020/10/30,0,0.227504754,406.899994,2020,10,44,30,4,304,FALSE,FALSE,FALSE,FALSE,FALSE,FALSE
2020/11/2,0,0.222615754,394,2020,11,45,2,0,307,FALSE,FALSE,FALSE,FALSE,FALSE,FALSE
2020/11/3,-0.08226,0.244381654,409.730011,2020,11,45,3,1,308,FALSE,FALSE,FALSE,FALSE,FALSE,FALSE
2020/11/4,0.05964,0.240774254,430.619995,2020,11,45,4,2,309,FALSE,FALSE,FALSE,FALSE,FALSE,FALSE
2020/11/5,0,0.245573954,428.299988,2020,11,45,5,3,310,FALSE,FALSE,FALSE,FALSE,FALSE,FALSE
2020/11/6,0.07244,0.250464754,436.100006,2020,11,45,6,4,311,FALSE,FALSE,FALSE,FALSE,FALSE,FALSE
2020/11/9,0.07554,0.255700554,439.5,2020,11,46,9,0,314,FALSE,FALSE,FALSE,FALSE,FALSE,FALSE
2020/11/10,0.11602,0.245506254,420.089996,2020,11,46,10,1,315,FALSE,FALSE,FALSE,FALSE,FALSE,FALSE
2020/11/11,0.0887,0.2866709,416.450012,2020,11,46,11,2,316,FALSE,FALSE,FALSE,FALSE,FALSE,FALSE
2020/11/12,-0.02693,0.3013946,415.049988,2020,11,46,12,3,317,FALSE,FALSE,FALSE,FALSE,FALSE,FALSE
2020/11/13,0,0.3042658,410.850006,2020,11,46,13,4,318,FALSE,FALSE,FALSE,FALSE,FALSE,FALSE
2020/11/16,-0.15626,0.3081348,408.929993,2020,11,47,16,0,321,FALSE,FALSE,FALSE,FALSE,FALSE,FALSE
2020/11/17,-0.09256,0.3008849,460.170013,2020,11,47,17,1,322,FALSE,FALSE,FALSE,FALSE,FALSE,FALSE
2020/11/18,0,0.3257211,486.64,2020,11,47,18,2,323,FALSE,FALSE,FALSE,FALSE,FALSE,FALSE
2020/11/19,0,0.3256343,499.27,11,47,19,3,324,FALSE,FALSE,FALSE,FALSE,FALSE,FALSE
2020/11/20,0,0.3198885,489.61,2020,11,47,20,4,325,FALSE,FALSE,FALSE,FALSE,FALSE,FALSE
2020/11/23,0,0.3319911,521.85,2020,11,48,23,0,328,FALSE,FALSE,FALSE,FALSE,FALSE,FALSE
2020/11/24,-0.08358,0.3494639,555.38,2020,11,48,24,1,329,FALSE,FALSE,FALSE,FALSE,FALSE,FALSE
2020/11/25,-0.08358,0.3494639,574.000,2020,11,48,25,2,330,FALSE,FALSE,FALSE,FALSE,FALSE,FALSE
2020/11/27,-0.08358,0.3494639,585.76,2020,11,48,27,4,332,FALSE,FALSE,FALSE,FALSE,FALSE,FALSE
2020/11/30,-0.08358,0.3494639,567.60,2020,11,49,30,0,335,TRUE,FALSE,FALSE,FALSE,FALSE,FALSE
2020/12/1,-0.08358,0.3494639,540.400024,2020,12,49,1,1,336,FALSE,TRUE,FALSE,FALSE,FALSE,FALSE
2020/12/2,-0.08358,0.3494639,540.400024,2020,12,49,2,2,337,FALSE,FALSE,FALSE,FALSE,FALSE,FALSE
2020/12/3,-0.08358,0.3494639,540.400024,2020,12,49,3,3,338,FALSE,FALSE,FALSE,FALSE,FALSE,FALSE
2020/12/4,-0.08358,0.3494639,540.400024,2020,12,49,4,4,339,FALSE,FALSE,FALSE,FALSE,FALSE,FALSE
2020/12/7,-0.08358,0.3494639,540.400024,2020,12,50,7,0,342,FALSE,FALSE,FALSE,FALSE,FALSE,FALSE
2020/12/8,-0.08358,0.3494639,540.400024,2020,12,50,8,1,343,FALSE,FALSE,FALSE,FALSE,FALSE,FALSE
2020/12/9,-0.08358,0.3494639,540.400024,2020,12,50,9,2,344,FALSE,FALSE,FALSE,FALSE,FALSE,FALSE
2020/12/10,-0.08358,0.3494639,540.400024,2020,12,50,10,3,345,FALSE,FALSE,FALSE,FALSE,FALSE,FALSE
2020/12/11,-0.08358,0.3494639,540.400024,2020,12,50,11,4,346,FALSE,FALSE,FALSE,FALSE,FALSE,FALSE
